<?xml version="1.0" encoding="UTF-8"?>
<SimulationDevices xmlns:xsi="http://www.w3.org/2001/XMLSchema-instance"
    xsi:noNamespaceSchemaLocation="Devices.xsd">
     <Conveyer xPosition="150" yPosition="300" rotation="0" width="200" height="0.5">
     	<Device name="Conveyer1" deviceId="1"/>
     </Conveyer>
     <Conveyer  xPosition="332" yPosition="255" rotation="-0.5" width="200" height="0.5">
     	<Device name="Conveyer2" deviceId="2"/>
     </Conveyer>
     <Conveyer xPosition="350" yPosition="300" rotation="0" width="200" height="0.5">
     	 <Device name="Conveyer3" deviceId="3"/>
     </Conveyer>
     <Conveyer xPosition="340" yPosition="320" rotation="0.2" width="200" height="0.5">
     	 <Device name="Conveyer4" deviceId="4"/>
     </Conveyer>
     <Gate>
      	<Device name="Gate1" deviceId="5"/>
     	<GateConveyer deviceId="2"/>
     	<GateConveyer deviceId="3"/>
     	<GateConveyer deviceId="4"/>
     </Gate>
</SimulationDevices>